{
	"folders": {},
	"connections": {
		"db2_iseries-186eda26793-47e5f12d0482433a": {
			"provider": "db2_i",
			"driver": "db2_iseries",
			"name": "Db2",
			"save-password": true,
			"configuration": {
				"host": "localhost",
				"url": "jdbc:as400://172.16.20.1;",
				"configurationType": "URL",
				"type": "dev",
				"auth-model": "native"
			},
			"filters": [
				{
					"type": "org.jkiss.dbeaver.model.struct.rdb.DBSCatalog",
					"enabled": true,
					"include": [
						"IZYAMA"
					]
				}
			]
		}
	},
	"connection-types": {
		"dev": {
			"name": "開発",
			"color": "255,255,255",
			"description": "通常の開発データベース",
			"auto-commit": true,
			"confirm-execute": false,
			"confirm-data-change": false,
			"auto-close-transactions": false
		}
	}
}